{"_wandb":{"runtime":1},"_runtime":1.0224579,"l2_leaf_reg":5,"f1":0.14565975299887726,"early_stopping_rounds":10,"precision":0.08519683406490858,"nan_mode":"Min","recall":0.5017301038062284,"iterations":1000,"_timestamp":1.7386503340163457e+09,"predictions_array":{"_type":"large-array","value":[]},"num_leaves":31,"eval_metric":"F1","model":"CatBoost","learning_rate":0.0008408964152537145,"class_weights":[1,13.739785918890398],"_step":3,"loss_function":"Logloss","depth":10,"accuracy":0.6056568521826885}