{"_wandb":{"runtime":0},"eval_metric":"F1","l2_leaf_reg":5,"model":"CatBoost","_step":3,"predictions_array":{"value":[],"_type":"large-array"},"learning_rate":0.0001,"f1":0.1488869332811838,"recall":0.4648890698147771,"early_stopping_rounds":10,"_timestamp":1.7386484341350756e+09,"num_leaves":31,"depth":16,"class_weights":[1,13.739785918890398],"accuracy":0.6438828807942504,"loss_function":"Logloss","precision":0.08863706923315741,"nan_mode":"Min","iterations":1000,"_runtime":0.9146102}