{"depth":11,"_wandb":{"runtime":2},"pr_auc":0.6799120123801449,"_runtime":2.4343764,"_step":4,"num_leaves":31,"loss_function":"Logloss","_timestamp":1.739225585831967e+09,"accuracy":0.8510057816542034,"recall":0.9415142492556359,"f1":0.45653294833453645,"nan_mode":"Min","learning_rate":0.01,"pr_table":{"artifact_path":"wandb-client-artifact://fuvnn99alpyk1ajgu8ezexb8jl6m2xikjoekmjhenygulrl5xxig87r068wxp4brvsl76gxlhta7bwqm6bxg4sicnu5datidukre6h28u48cj8qspuo1kq2jble7rbzj/pr_table.table.json","_latest_artifact_path":"wandb-client-artifact://0rvzhnelpttsn1ik4kh4mcaendazmiu0bunyxk26r91l6ntsxo395dnguboursq5aswzovhaftvwmtlf3v3poo7dcxv3a3295tgcnafrhm9gns7gbslau2h88yqt656r:latest/pr_table.table.json","path":"media/table/pr_table_3_e9b5de83fe49fc563853.table.json","ncols":3,"nrows":42,"_type":"table-file","sha256":"e9b5de83fe49fc5638530fef08a7f95849f7b0f2006e57dbc79f440b1319733c","size":838},"model":"CatBoost","precision":0.3013204465014974,"early_stopping_rounds":10,"class_weights":[1,13.733819317885963],"eval_metric":"F1","l2_leaf_reg":3,"iterations":500}