{"_step":3,"_wandb":{"runtime":0},"depth":16,"f1":0.1477393334748461,"nan_mode":"Min","_runtime":0.9848288,"iterations":1000,"predictions_array":{"value":[],"_type":"large-array"},"loss_function":"Logloss","early_stopping_rounds":10,"num_leaves":31,"precision":0.08941035413009035,"learning_rate":0.0001,"_timestamp":1.7386578551421573e+09,"model":"CatBoost","l2_leaf_reg":0,"eval_metric":"F1","class_weights":[1,13.739785918890398],"recall":0.42499491145939344,"accuracy":0.6714716270950672}