{"iterations":500,"l2_leaf_reg":3,"pr_auc":0.6799120123801449,"_runtime":3.257252,"early_stopping_rounds":10,"class_weights":[1,13.733819317885963],"eval_metric":"F1","f1":0.4565329483345365,"loss_function":"Logloss","_step":4,"precision":0.3013204465014974,"num_leaves":31,"learning_rate":0.01,"pr_table":{"size":838,"_latest_artifact_path":"wandb-client-artifact://87vehjkvcbnccpmgcmdd8w4gebd9gx8al44jij90n1xrr5k9v1km5laenny8bh199ob1kj4wrv4l0y7puv007fgra7dixfhxxf5sulv0i0yqgprhbtyqhtloq8xqsmcq:latest/pr_table.table.json","_type":"table-file","artifact_path":"wandb-client-artifact://mt5okh84grqz9ng2gfy6c2i06aefecpxcwho2lh6b9bdbl21hfne6zlaqpgwj4yxt49n7cpgp56gc1oea5kjj64s6k3umpymv2jtyrrm9ppl7uru1ozz86g2lfd87hab/pr_table.table.json","ncols":3,"nrows":42,"path":"media/table/pr_table_3_e9b5de83fe49fc563853.table.json","sha256":"e9b5de83fe49fc5638530fef08a7f95849f7b0f2006e57dbc79f440b1319733c"},"recall":0.941514249255636,"accuracy":0.8510057816542034,"depth":11,"_wandb":{"runtime":2},"nan_mode":"Min","model":"CatBoost","_timestamp":1.7392319591245012e+09}