{"eval_metric":"F1","_timestamp":1.73862936137888e+09,"predictions_array":{"_type":"large-array","value":[]},"iterations":1000,"depth":6,"loss_function":"Logloss","l2_leaf_reg":0,"learning_rate":0.0001,"_runtime":1.0630918,"nan_mode":"Min","f1":0.13889997605172827,"num_leaves":31,"model":"CatBoost","early_stopping_rounds":10,"accuracy":0.558675521976898,"class_weights":[1,13.739785918890398],"recall":0.5312436393242418,"_wandb":{"runtime":1},"precision":0.07989469817558467,"_step":3}