{"iterations":1000,"accuracy":0.6091753378700888,"class_weights":[1,13.739785918890398],"_runtime":0.9985884,"_wandb":{"runtime":0},"l2_leaf_reg":2.5,"_timestamp":1.7386725987788177e+09,"num_leaves":31,"depth":10,"model":"CatBoost","_step":3,"precision":0.0854139749275413,"loss_function":"Logloss","predictions_array":{"value":[],"_type":"large-array"},"learning_rate":0.0008408964152537145,"early_stopping_rounds":10,"eval_metric":"F1","nan_mode":"Min","recall":0.4978628129452473,"f1":0.14581222056631893}