{"_step":4,"nan_mode":"Min","num_leaves":31,"iterations":500,"pr_table":{"ncols":3,"nrows":42,"path":"media/table/pr_table_3_418a30f196ec2f620781.table.json","sha256":"418a30f196ec2f62078186fea44d1c776564a0ffaa43824eb780b185533b81a3","size":865,"_latest_artifact_path":"wandb-client-artifact://kvjyzdz1oar7nwkexy2ocoztuog451w4180uq27bb32th0d871lzlop3czlocm9k7eapfsgokinoh8w9qsu4dyx98nu0mispv465oqyh1uhidu1y1dxa71n7vpr1vd18:latest/pr_table.table.json","_type":"table-file","artifact_path":"wandb-client-artifact://v85dnho3kb759wk8vgo6bslepmetwwjbnmwaaqr9ed2v2vk07hhp35oyv7uvp5cszho287ghs21idt0i55f1pflz8vgrt00xgdg8ayabez8rmgisa2evl3uz07ncwxdl/pr_table.table.json"},"depth":11,"precision":0.08783417139963101,"eval_metric":"F1","_runtime":3.2581923,"f1":0.1491583732645288,"_wandb":{"runtime":2},"accuracy":0.6222401025543115,"pr_auc":0.09180393011924672,"l2_leaf_reg":3,"_timestamp":1.7392190575536776e+09,"model":"CatBoost","early_stopping_rounds":10,"recall":0.4941990637085284,"learning_rate":0.01,"class_weights":[1,13.739785918890398],"loss_function":"Logloss"}