{"predictions_array":{"_type":"large-array","value":[]},"l2_leaf_reg":0,"learning_rate":0.0001,"iterations":1000,"_runtime":0.8925503,"num_leaves":31,"depth":6,"precision":0.07989469817558467,"_timestamp":1.738652987712497e+09,"loss_function":"Logloss","nan_mode":"Min","class_weights":[1,13.739785918890398],"accuracy":0.558675521976898,"_wandb":{"runtime":0},"_step":3,"eval_metric":"F1","f1":0.13889997605172827,"early_stopping_rounds":10,"recall":0.5312436393242418,"model":"CatBoost"}