{"precision":0.0799642617824436,"learning_rate":0.0001,"class_weights":[1,13.739785918890398],"model":"CatBoost","l2_leaf_reg":5,"recall":0.510075310400977,"_step":3,"eval_metric":"F1","_timestamp":1.7386298660773382e+09,"num_leaves":31,"early_stopping_rounds":10,"depth":6,"f1":0.13825444113428226,"nan_mode":"Min","_runtime":0.9311524,"iterations":1000,"accuracy":0.5739632059132379,"loss_function":"Logloss","_wandb":{"runtime":0},"predictions_array":{"value":[],"_type":"large-array"}}