{"loss_function":"Logloss","num_leaves":31,"early_stopping_rounds":10,"depth":11,"_runtime":2.5295001,"l2_leaf_reg":3,"accuracy":0.8510057816542034,"_timestamp":1.7392281215668921e+09,"nan_mode":"Min","learning_rate":0.01,"recall":0.9415142492556359,"iterations":500,"eval_metric":"F1","_step":4,"pr_table":{"ncols":3,"nrows":42,"_type":"table-file","sha256":"e9b5de83fe49fc5638530fef08a7f95849f7b0f2006e57dbc79f440b1319733c","size":838,"artifact_path":"wandb-client-artifact://u19y3rcmgcvu3jv0t1tpbc3r8w1wzcch4c818rtclb02v3b4kffah9ic2vegbdkk9mjw95y8o6133cf2pdzmtjxamtkcohhzkxpi3w3xkkvkm9ctlqvwghmwwc59bs7v/pr_table.table.json","_latest_artifact_path":"wandb-client-artifact://39r7bwb234k2w0x535n8jp8p4m56rtqaaed2hkfzduzarguuzwo67z1c9uxctk2vwhl1jjx1f3ouf8bcanedt4fmsw72chmj5cfyy6n5ixsoixj1nwvx9d1m8n6j0lxr:latest/pr_table.table.json","path":"media/table/pr_table_3_e9b5de83fe49fc563853.table.json"},"class_weights":[1,13.733819317885963],"_wandb":{"runtime":2},"precision":0.3013204465014974,"model":"CatBoost","f1":0.45653294833453645,"pr_auc":0.6799120123801449}