{"num_leaves":31,"_timestamp":1.738672141871293e+09,"_runtime":1.156536,"learning_rate":0.0008408964152537145,"predictions_array":{"_type":"large-array","value":[]},"recall":0.5009159373091797,"f1":0.1454921667159326,"nan_mode":"Min","eval_metric":"F1","accuracy":0.6057659525140807,"model":"CatBoost","class_weights":[1,13.739785918890398],"early_stopping_rounds":10,"iterations":1000,"precision":0.08510564719715047,"loss_function":"Logloss","_step":3,"_wandb":{"runtime":1},"l2_leaf_reg":0,"depth":10}