{"early_stopping_rounds":10,"learning_rate":0.0001,"_timestamp":1.738634466829111e+09,"nan_mode":"Min","recall":0.42499491145939344,"_wandb":{"runtime":1},"model":"CatBoost","class_weights":[1,13.739785918890398],"precision":0.08941035413009035,"f1":0.1477393334748461,"_step":3,"iterations":1000,"l2_leaf_reg":0,"predictions_array":{"_type":"large-array","value":[]},"num_leaves":31,"loss_function":"Logloss","_runtime":1.1164771,"accuracy":0.6714716270950672,"depth":16,"eval_metric":"F1"}