{"_wandb":{"runtime":13},"f1-score":0.14731023844720098,"_timestamp":1.7379257620869467e+09,"_runtime":13.6055899,"_step":0,"accuracy":0.6381414758547329,"precision":0.08746422438465942,"recall":0.46651740280887444}