{"eval_metric":"F1","_wandb":{"runtime":1},"precision":0.08356687037849883,"class_weights":[1,13.739785918890398],"recall":0.50376552004885,"_runtime":1.1423488,"nan_mode":"Min","_timestamp":1.7386302610980647e+09,"learning_rate":0.0001,"depth":10,"loss_function":"Logloss","early_stopping_rounds":10,"num_leaves":31,"_step":3,"l2_leaf_reg":0,"f1":0.14335360556038226,"accuracy":0.5966015246771312,"iterations":1000,"model":"CatBoost","predictions_array":{"_type":"large-array","value":[]}}