{"model":"CatBoost","iterations":1000,"eval_metric":"F1","loss_function":"Logloss","nan_mode":"Min","class_weights":[1,13.739785918890398],"num_leaves":31,"learning_rate":0.0001,"recall":0.513739059637696,"predictions_array":{"_type":"large-array","value":[]},"depth":10,"_step":3,"precision":0.08357339160954935,"_timestamp":1.7386546926606128e+09,"accuracy":0.5899736795450516,"f1":0.14376032351768525,"_runtime":0.9702085,"early_stopping_rounds":10,"l2_leaf_reg":5,"_wandb":{"runtime":0}}