{"_runtime":0.9869717,"class_weights":[1,13.739785918890398],"_wandb":{"runtime":0},"recall":0.5318542641970283,"l2_leaf_reg":2.5,"model":"CatBoost","eval_metric":"F1","iterations":1000,"f1":0.1410145709660011,"accuracy":0.5658625063073629,"early_stopping_rounds":10,"depth":6,"loss_function":"Logloss","nan_mode":"Min","num_leaves":31,"predictions_array":{"_type":"large-array","value":[]},"learning_rate":0.0008408964152537145,"_timestamp":1.7386489194007304e+09,"_step":3,"precision":0.08128285687622484}