{"recall":0.4909423977203338,"early_stopping_rounds":10,"l2_leaf_reg":0,"_runtime":0.9221028,"_timestamp":1.738648680256522e+09,"learning_rate":0.0008408964152537145,"class_weights":[1,13.739785918890398],"accuracy":0.6068569558280034,"loss_function":"Logloss","precision":0.08392776366609833,"f1":0.143349578033995,"predictions_array":{"_type":"large-array","value":[]},"iterations":1000,"eval_metric":"F1","_step":3,"model":"CatBoost","num_leaves":31,"_wandb":{"runtime":0},"depth":6,"nan_mode":"Min"}