{"model":"CatBoost","eval_metric":"F1","nan_mode":"Min","l2_leaf_reg":3,"accuracy":0.6222401025543115,"recall":0.4941990637085284,"iterations":500,"_timestamp":1.7389406536393392e+09,"_runtime":1.0871116,"f1":0.1491583732645288,"predictions_array":{"value":[],"_type":"large-array"},"num_leaves":31,"loss_function":"Logloss","depth":11,"early_stopping_rounds":10,"_wandb":{"runtime":1},"precision":0.08783417139963101,"learning_rate":0.01,"class_weights":[1,13.739785918890398],"_step":3}