{"class_weights":[1,13.739785918890398],"num_leaves":31,"predictions_array":{"_type":"large-array","value":[]},"early_stopping_rounds":10,"l2_leaf_reg":5,"_timestamp":1.7386534966385517e+09,"depth":6,"model":"CatBoost","recall":0.510075310400977,"loss_function":"Logloss","iterations":1000,"eval_metric":"F1","nan_mode":"Min","_wandb":{"runtime":0},"_step":3,"precision":0.0799642617824436,"accuracy":0.5739632059132379,"f1":0.13825444113428226,"learning_rate":0.0001,"_runtime":0.9664043}