{"_wandb":{"runtime":0},"recall":0.4648890698147771,"depth":16,"_timestamp":1.7386708852654102e+09,"nan_mode":"Min","predictions_array":{"value":[],"_type":"large-array"},"precision":0.08863706923315741,"learning_rate":0.0001,"class_weights":[1,13.739785918890398],"_step":3,"_runtime":0.9653117,"eval_metric":"F1","accuracy":0.6438828807942504,"early_stopping_rounds":10,"l2_leaf_reg":5,"loss_function":"Logloss","num_leaves":31,"model":"CatBoost","f1":0.1488869332811838,"iterations":1000}