{"loss_function":"Logloss","depth":16,"early_stopping_rounds":10,"num_leaves":31,"model":"CatBoost","recall":0.4593934459596988,"_runtime":0.8975361,"_wandb":{"runtime":0},"_step":3,"nan_mode":"Min","eval_metric":"F1","f1":0.14881482214090264,"iterations":1000,"accuracy":0.6478923179729158,"_timestamp":1.7386640278011148e+09,"class_weights":[1,13.739785918890398],"learning_rate":0.0001,"predictions_array":{"_type":"large-array","value":[]},"l2_leaf_reg":2.5,"precision":0.08878835562549174}