{"iterations":1000,"_runtime":0.889176,"recall":0.4593934459596988,"num_leaves":31,"precision":0.08878835562549174,"learning_rate":0.0001,"nan_mode":"Min","_wandb":{"runtime":0},"accuracy":0.6478923179729158,"l2_leaf_reg":2.5,"predictions_array":{"_type":"large-array","value":[]},"model":"CatBoost","eval_metric":"F1","_step":3,"_timestamp":1.7386416885863488e+09,"class_weights":[1,13.739785918890398],"early_stopping_rounds":10,"f1":0.14881482214090264,"depth":16,"loss_function":"Logloss"}