{"class_weights":[1,13.739785918890398],"f1":0.13870159892120978,"iterations":1000,"learning_rate":0.0001,"accuracy":0.5731858660520681,"precision":0.08019348268839104,"early_stopping_rounds":10,"_wandb":{"runtime":1},"loss_function":"Logloss","model":"CatBoost","_step":3,"nan_mode":"Min","num_leaves":31,"l2_leaf_reg":2.5,"depth":6,"recall":0.5129248931406473,"eval_metric":"F1","_timestamp":1.7386532412077289e+09,"_runtime":1.3205896,"predictions_array":{"_type":"large-array","value":[]}}