{"predictions_array":{"_type":"large-array","value":[]},"learning_rate":0.0008408964152537145,"_runtime":1.1778389,"_wandb":{"runtime":1},"eval_metric":"F1","model":"CatBoost","_timestamp":1.7386872334291153e+09,"iterations":1000,"f1":0.1474274406332454,"early_stopping_rounds":10,"num_leaves":31,"class_weights":[1,13.739785918890398],"l2_leaf_reg":2.5,"depth":16,"accuracy":0.6474695541887708,"nan_mode":"Min","recall":0.45491553022593123,"precision":0.08796788286692643,"loss_function":"Logloss","_step":3}