{"iterations":500,"accuracy":0.6222401025543115,"loss_function":"Logloss","f1":0.1491583732645288,"_runtime":3.2581923,"precision":0.08783417139963101,"num_leaves":31,"_timestamp":1.7392190575536776e+09,"early_stopping_rounds":10,"pr_table":{"ncols":3,"nrows":42,"_type":"table-file","sha256":"418a30f196ec2f62078186fea44d1c776564a0ffaa43824eb780b185533b81a3","size":865,"artifact_path":"wandb-client-artifact://v85dnho3kb759wk8vgo6bslepmetwwjbnmwaaqr9ed2v2vk07hhp35oyv7uvp5cszho287ghs21idt0i55f1pflz8vgrt00xgdg8ayabez8rmgisa2evl3uz07ncwxdl/pr_table.table.json","_latest_artifact_path":"wandb-client-artifact://kvjyzdz1oar7nwkexy2ocoztuog451w4180uq27bb32th0d871lzlop3czlocm9k7eapfsgokinoh8w9qsu4dyx98nu0mispv465oqyh1uhidu1y1dxa71n7vpr1vd18:latest/pr_table.table.json","path":"media/table/pr_table_3_418a30f196ec2f620781.table.json"},"l2_leaf_reg":3,"depth":11,"class_weights":[1,13.739785918890398],"eval_metric":"F1","recall":0.4941990637085284,"model":"CatBoost","learning_rate":0.01,"pr_auc":0.09180393011924673,"_wandb":{"runtime":3},"nan_mode":"Min","_step":4}