{"_wandb":{"runtime":1},"nan_mode":"Min","_runtime":1.0662931,"_timestamp":1.7386306540199687e+09,"accuracy":0.5925920874984658,"class_weights":[1,13.739785918890398],"num_leaves":31,"recall":0.507632810909831,"predictions_array":{"value":[],"_type":"large-array"},"precision":0.08327490066446291,"loss_function":"Logloss","f1":0.14307842349836497,"depth":10,"_step":3,"l2_leaf_reg":2.5,"model":"CatBoost","early_stopping_rounds":10,"eval_metric":"F1","iterations":1000,"learning_rate":0.0001}