{"eval_metric":"F1","_step":3,"num_leaves":31,"_wandb":{"runtime":0},"_timestamp":1.7386491592395556e+09,"l2_leaf_reg":5,"predictions_array":{"_type":"large-array","value":[]},"model":"CatBoost","learning_rate":0.0008408964152537145,"accuracy":0.5567253535532615,"_runtime":0.920078,"f1":0.1398327511379274,"class_weights":[1,13.739785918890398],"depth":6,"nan_mode":"Min","recall":0.5377569713006309,"precision":0.08036501901140684,"loss_function":"Logloss","iterations":1000,"early_stopping_rounds":10}