{"_wandb":{"runtime":1},"_runtime":1.0204225,"model":"CatBoost","_step":3,"nan_mode":"Min","accuracy":0.5567253535532615,"_timestamp":1.7386717055134416e+09,"num_leaves":31,"predictions_array":{"value":[],"_type":"large-array"},"depth":6,"early_stopping_rounds":10,"class_weights":[1,13.739785918890398],"eval_metric":"F1","iterations":1000,"recall":0.5377569713006309,"learning_rate":0.0008408964152537145,"l2_leaf_reg":5,"loss_function":"Logloss","f1":0.1398327511379274,"precision":0.08036501901140684}