{"l2_leaf_reg":3,"depth":11,"iterations":500,"pr_table":{"artifact_path":"wandb-client-artifact://mt5okh84grqz9ng2gfy6c2i06aefecpxcwho2lh6b9bdbl21hfne6zlaqpgwj4yxt49n7cpgp56gc1oea5kjj64s6k3umpymv2jtyrrm9ppl7uru1ozz86g2lfd87hab/pr_table.table.json","_latest_artifact_path":"wandb-client-artifact://87vehjkvcbnccpmgcmdd8w4gebd9gx8al44jij90n1xrr5k9v1km5laenny8bh199ob1kj4wrv4l0y7puv007fgra7dixfhxxf5sulv0i0yqgprhbtyqhtloq8xqsmcq:latest/pr_table.table.json","path":"media/table/pr_table_3_e9b5de83fe49fc563853.table.json","ncols":3,"nrows":42,"_type":"table-file","sha256":"e9b5de83fe49fc5638530fef08a7f95849f7b0f2006e57dbc79f440b1319733c","size":838},"model":"CatBoost","_runtime":3.257252,"pr_auc":0.6799120123801449,"f1":0.45653294833453645,"early_stopping_rounds":10,"recall":0.9415142492556359,"accuracy":0.8510057816542034,"eval_metric":"F1","nan_mode":"Min","_timestamp":1.7392319591245012e+09,"precision":0.3013204465014974,"_step":4,"num_leaves":31,"loss_function":"Logloss","class_weights":[1,13.733819317885963],"learning_rate":0.01,"_wandb":{"runtime":3}}