{"_timestamp":1.7386542913791466e+09,"depth":10,"recall":0.507632810909831,"model":"CatBoost","early_stopping_rounds":10,"eval_metric":"F1","loss_function":"Logloss","precision":0.08327490066446291,"nan_mode":"Min","class_weights":[1,13.739785918890398],"_step":3,"num_leaves":31,"f1":0.14307842349836497,"learning_rate":0.0001,"iterations":1000,"accuracy":0.5925920874984658,"l2_leaf_reg":2.5,"_runtime":0.8882028,"predictions_array":{"_type":"large-array","value":[]},"_wandb":{"runtime":0}}