{"depth":10,"_wandb":{"runtime":0},"learning_rate":0.0008408964152537145,"l2_leaf_reg":5,"eval_metric":"F1","_step":3,"precision":0.08519683406490858,"recall":0.5017301038062284,"f1":0.14565975299887726,"early_stopping_rounds":10,"_runtime":0.969278,"loss_function":"Logloss","_timestamp":1.738673055821303e+09,"num_leaves":31,"iterations":1000,"nan_mode":"Min","model":"CatBoost","accuracy":0.6056568521826885,"predictions_array":{"_type":"large-array","value":[]},"class_weights":[1,13.739785918890398]}