{"f1":0.4565329483345365,"num_leaves":31,"pr_auc":0.6799120123801449,"depth":11,"_runtime":2.5295001,"l2_leaf_reg":3,"loss_function":"Logloss","model":"CatBoost","iterations":500,"class_weights":[1,13.733819317885963],"_wandb":{"runtime":1},"pr_table":{"ncols":3,"nrows":42,"path":"media/table/pr_table_3_e9b5de83fe49fc563853.table.json","sha256":"e9b5de83fe49fc5638530fef08a7f95849f7b0f2006e57dbc79f440b1319733c","size":838,"_latest_artifact_path":"wandb-client-artifact://39r7bwb234k2w0x535n8jp8p4m56rtqaaed2hkfzduzarguuzwo67z1c9uxctk2vwhl1jjx1f3ouf8bcanedt4fmsw72chmj5cfyy6n5ixsoixj1nwvx9d1m8n6j0lxr:latest/pr_table.table.json","_type":"table-file","artifact_path":"wandb-client-artifact://u19y3rcmgcvu3jv0t1tpbc3r8w1wzcch4c818rtclb02v3b4kffah9ic2vegbdkk9mjw95y8o6133cf2pdzmtjxamtkcohhzkxpi3w3xkkvkm9ctlqvwghmwwc59bs7v/pr_table.table.json"},"early_stopping_rounds":10,"accuracy":0.8510057816542034,"recall":0.941514249255636,"_timestamp":1.739228121566892e+09,"eval_metric":"F1","learning_rate":0.01,"_step":4,"precision":0.3013204465014974,"nan_mode":"Min"}