{"_step":3,"accuracy":0.6091753378700888,"precision":0.0854139749275413,"model":"CatBoost","f1":0.14581222056631893,"eval_metric":"F1","recall":0.4978628129452473,"l2_leaf_reg":2.5,"depth":10,"num_leaves":31,"_runtime":0.9669673,"_wandb":{"runtime":0},"_timestamp":1.7386499351181042e+09,"learning_rate":0.0008408964152537145,"iterations":1000,"loss_function":"Logloss","nan_mode":"Min","class_weights":[1,13.739785918890398],"predictions_array":{"_type":"large-array","value":[]},"early_stopping_rounds":10}