{"precision_1":0,"recall_1":0,"f1_1":0,"_wandb":{"runtime":1},"accuracy":0.9329987589837304,"_timestamp":1.73792612417984e+09,"_runtime":1.2145224,"_step":1}