{"_step":3,"num_leaves":31,"accuracy":0.6057659525140807,"eval_metric":"F1","model":"CatBoost","depth":10,"nan_mode":"Min","class_weights":[1,13.739785918890398],"recall":0.5009159373091797,"f1":0.1454921667159326,"predictions_array":{"_type":"large-array","value":[]},"loss_function":"Logloss","precision":0.08510564719715047,"learning_rate":0.0008408964152537145,"l2_leaf_reg":0,"_runtime":0.8680042,"early_stopping_rounds":10,"iterations":1000,"_wandb":{"runtime":0},"_timestamp":1.738649545650855e+09}