{"_wandb":{"runtime":1},"f1":0.1410145709660011,"predictions_array":{"_type":"large-array","value":[]},"l2_leaf_reg":2.5,"eval_metric":"F1","_timestamp":1.738671423685388e+09,"accuracy":0.5658625063073629,"learning_rate":0.0008408964152537145,"early_stopping_rounds":10,"_runtime":1.0876424,"depth":6,"iterations":1000,"recall":0.5318542641970283,"_step":3,"nan_mode":"Min","class_weights":[1,13.739785918890398],"model":"CatBoost","num_leaves":31,"precision":0.08128285687622484,"loss_function":"Logloss"}