{"num_leaves":31,"l2_leaf_reg":5,"_timestamp":1.738923237660882e+09,"recall":0.4941990637085284,"nan_mode":"Min","accuracy":0.6222401025543115,"model":"CatBoost","eval_metric":"F1","_runtime":1.2939296,"predictions_array":{"_type":"large-array","value":[]},"precision":0.08783417139963101,"learning_rate":0.0008408964152537145,"class_weights":[1,13.739785918890398],"iterations":1000,"f1":0.1491583732645288,"depth":16,"early_stopping_rounds":10,"loss_function":"Logloss","_wandb":{"runtime":1},"_step":3}