{"accuracy":0.8510057816542034,"precision":0.3013204465014974,"iterations":500,"_wandb":{"runtime":1},"l2_leaf_reg":3,"f1":0.45653294833453645,"num_leaves":31,"loss_function":"Logloss","predictions_array":{"_type":"large-array","value":[]},"_runtime":1.1677867,"nan_mode":"Min","_timestamp":1.73914089830933e+09,"early_stopping_rounds":10,"recall":0.9415142492556359,"depth":11,"eval_metric":"F1","class_weights":[1,13.733819317885963],"learning_rate":0.01,"model":"CatBoost","_step":3}