{"f1":0.143349578033995,"_timestamp":1.73867115041967e+09,"precision":0.08392776366609833,"num_leaves":31,"eval_metric":"F1","learning_rate":0.0008408964152537145,"_wandb":{"runtime":0},"recall":0.4909423977203338,"_step":3,"early_stopping_rounds":10,"_runtime":0.9338659,"iterations":1000,"loss_function":"Logloss","nan_mode":"Min","model":"CatBoost","class_weights":[1,13.739785918890398],"l2_leaf_reg":0,"predictions_array":{"value":[],"_type":"large-array"},"depth":6,"accuracy":0.6068569558280034}