{"_wandb":{"runtime":10},"f1-score":0.14731023844720098,"_timestamp":1.7379259231088343e+09,"_runtime":10.7825439,"_step":0,"accuracy":0.6381414758547329,"precision":0.08746422438465942,"recall":0.46651740280887444}