{"_step":3,"_wandb":{"runtime":1},"recall":0.5129248931406473,"nan_mode":"Min","early_stopping_rounds":10,"num_leaves":31,"accuracy":0.5731858660520681,"f1":0.13870159892120978,"predictions_array":{"_type":"large-array","value":[]},"eval_metric":"F1","class_weights":[1,13.739785918890398],"l2_leaf_reg":2.5,"_timestamp":1.738629615114785e+09,"precision":0.08019348268839104,"iterations":1000,"learning_rate":0.0001,"model":"CatBoost","_runtime":1.1100297,"depth":6,"loss_function":"Logloss"}