{"nan_mode":"Min","_timestamp":1.738681238132339e+09,"recall":0.43557907592102585,"num_leaves":31,"model":"CatBoost","l2_leaf_reg":0,"_wandb":{"runtime":1},"iterations":1000,"accuracy":0.6605343188729936,"precision":0.08821468321035492,"early_stopping_rounds":10,"learning_rate":0.0008408964152537145,"depth":16,"_step":3,"eval_metric":"F1","class_weights":[1,13.739785918890398],"f1":0.14671602906897024,"predictions_array":{"_type":"large-array","value":[]},"_runtime":1.0112553,"loss_function":"Logloss"}