{"early_stopping_rounds":10,"_step":4,"learning_rate":0.01,"_runtime":1.3501613,"recall":0.9415142492556359,"nan_mode":"Min","precision":0.3013204465014974,"class_weights":[1,13.733819317885963],"f1":0.45653294833453645,"accuracy":0.8510057816542034,"model":"CatBoost","loss_function":"Logloss","l2_leaf_reg":3,"iterations":500,"depth":11,"eval_metric":"F1","num_leaves":31,"_wandb":{"runtime":1},"_timestamp":1.7391465574261599e+09,"predictions_array":{"_type":"large-array","value":[]}}