{"f1":0.14335360556038226,"learning_rate":0.0001,"_timestamp":1.738653904531456e+09,"recall":0.50376552004885,"_runtime":0.9089027,"precision":0.08356687037849883,"_step":3,"early_stopping_rounds":10,"num_leaves":31,"model":"CatBoost","iterations":1000,"predictions_array":{"value":[],"_type":"large-array"},"nan_mode":"Min","depth":10,"accuracy":0.5966015246771312,"_wandb":{"runtime":0},"class_weights":[1,13.739785918890398],"eval_metric":"F1","l2_leaf_reg":0,"loss_function":"Logloss"}