{"_runtime":1.2361723,"class_weights":[1,13.739785918890398],"precision":0.08357339160954935,"model":"CatBoost","_timestamp":1.7386310559748907e+09,"f1":0.14376032351768525,"_wandb":{"runtime":1},"recall":0.513739059637696,"learning_rate":0.0001,"nan_mode":"Min","depth":10,"num_leaves":31,"iterations":1000,"loss_function":"Logloss","predictions_array":{"_type":"large-array","value":[]},"accuracy":0.5899736795450516,"_step":3,"eval_metric":"F1","early_stopping_rounds":10,"l2_leaf_reg":5}