{"accuracy":0.9329987589837304,"precision":0,"_wandb":{"runtime":10},"recall":0,"f1-score":0,"_timestamp":1.7379261132502394e+09,"_runtime":10.8509704,"_step":0}